bar,side,vov,th,calib
0,L,3.0,3,1.2360953999597295
0,R,3.0,3,0.8237137764761375
1,L,3.0,3,1.0503775229961612
1,R,3.0,3,0.7478649863525014
2,L,3.0,3,0.9306823396203836
2,R,3.0,3,0.8109615630623943
3,L,3.0,3,1.3165633232030114
3,R,3.0,3,0.9329442720529411
4,L,3.0,3,0.9384917169185834
4,R,3.0,3,0.9796387605227632
5,L,3.0,3,1.0370706369980642
5,R,3.0,3,0.9077603557498615
6,L,3.0,3,1.7475383937073172
6,R,3.0,3,0.9121668296752803
7,L,3.0,3,1.2016809362992051
7,R,3.0,3,0.7841622595002276
8,L,3.0,3,1.1043446531262777
8,R,3.0,3,0.8247796920309717
9,L,3.0,3,1.257394214249423
9,R,3.0,3,0.9024971636967235
10,L,3.0,3,1.3682041423628148
10,R,3.0,3,0.8949807987240663
11,L,3.0,3,1.4540741401199735
11,R,3.0,3,0.6854905858845535
12,L,3.0,3,0.9195659663525821
12,R,3.0,3,0.9963805584794547
13,L,3.0,3,0.9338623550629379
13,R,3.0,3,0.9649171382113095
14,L,3.0,3,1.3915353476924044
14,R,3.0,3,0.9401445958824554
15,L,3.0,3,1.33820788057932
15,R,3.0,3,1.0510613082370484
0,L,3.0,5,1.279462335288389
0,R,3.0,5,0.8612134941576066
1,L,3.0,5,1.0673366819250705
1,R,3.0,5,0.7550702935059068
2,L,3.0,5,0.9161836840545169
2,R,3.0,5,0.7930600654129862
3,L,3.0,5,1.3178396138131054
3,R,3.0,5,0.9448152924067835
4,L,3.0,5,0.9330856199327728
4,R,3.0,5,0.9771341952575343
5,L,3.0,5,1.033700611152943
5,R,3.0,5,0.9018794528320558
6,L,3.0,5,1.7476526396411842
6,R,3.0,5,0.9058059493031757
7,L,3.0,5,1.2029494171163508
7,R,3.0,5,0.7862543505558394
8,L,3.0,5,1.1053710081356938
8,R,3.0,5,0.8241498550700395
9,L,3.0,5,1.2536350617309104
9,R,3.0,5,0.9020464473787334
10,L,3.0,5,1.3614410765095086
10,R,3.0,5,0.8890306660980694
11,L,3.0,5,1.4501601616510802
11,R,3.0,5,0.6844545114271903
12,L,3.0,5,0.9095566644438519
12,R,3.0,5,0.9800939600704285
13,L,3.0,5,0.9290357698387711
13,R,3.0,5,0.9631148528440112
14,L,3.0,5,1.3693137279021261
14,R,3.0,5,0.9326568575102636
15,L,3.0,5,1.3521232732343655
15,R,3.0,5,1.0620956643650998
0,L,3.0,7,1.2606686986638314
0,R,3.0,7,0.8135474874850631
1,L,3.0,7,1.0628752553270795
1,R,3.0,7,0.7575523655013903
2,L,3.0,7,0.9208378810880797
2,R,3.0,7,0.8080722937956573
3,L,3.0,7,1.3116996432379853
3,R,3.0,7,0.9361285376399123
4,L,3.0,7,0.9388710558980274
4,R,3.0,7,0.9757503930596975
5,L,3.0,7,1.0351656870180228
5,R,3.0,7,0.9068863443209517
6,L,3.0,7,1.74571079358569
6,R,3.0,7,0.9049758496340391
7,L,3.0,7,1.2051585612872988
7,R,3.0,7,0.7842258343954223
8,L,3.0,7,1.105391405038447
8,R,3.0,7,0.8222285281614199
9,L,3.0,7,1.2511172135587934
9,R,3.0,7,0.9010668652643151
10,L,3.0,7,1.3637536072251648
10,R,3.0,7,0.8902596402212897
11,L,3.0,7,1.460454521438631
11,R,3.0,7,0.6839774341573309
12,L,3.0,7,0.9175155008968281
12,R,3.0,7,0.9884086062835322
13,L,3.0,7,0.9242704726477792
13,R,3.0,7,0.9609849244098618
14,L,3.0,7,1.3935245568704169
14,R,3.0,7,0.9334239248508623
15,L,3.0,7,1.3658859298884454
15,R,3.0,7,1.0871579702779068
0,L,3.0,10,1.2868621198225452
0,R,3.0,10,0.8560560274179971
1,L,3.0,10,1.0695094788975605
1,R,3.0,10,0.7599508280381289
2,L,3.0,10,0.9264668759549982
2,R,3.0,10,0.8171812853251136
3,L,3.0,10,1.295663326063996
3,R,3.0,10,0.9290862320950983
4,L,3.0,10,0.9372643021717353
4,R,3.0,10,0.9766032737572218
5,L,3.0,10,1.032488019232862
5,R,3.0,10,0.9014955278394222
6,L,3.0,10,1.7417025341462713
6,R,3.0,10,0.9024182503653821
7,L,3.0,10,1.200229429723768
7,R,3.0,10,0.7820790267530173
8,L,3.0,10,1.1029382345489867
8,R,3.0,10,0.8247202973148823
9,L,3.0,10,1.2585190534967916
9,R,3.0,10,0.9040111901418463
10,L,3.0,10,1.3613023124332084
10,R,3.0,10,0.8892576663480178
11,L,3.0,10,1.4523785460145047
11,R,3.0,10,0.6809907711760158
12,L,3.0,10,0.9033071642683261
12,R,3.0,10,0.9748922316298027
13,L,3.0,10,0.9220481176945001
13,R,3.0,10,0.968902075042442
14,L,3.0,10,1.376223202162137
14,R,3.0,10,0.9313146578792939
15,L,3.0,10,1.3573994437080794
15,R,3.0,10,1.0611294842922454
0,L,3.0,15,1.2720926030898398
0,R,3.0,15,0.8169491206283809
1,L,3.0,15,1.0625185040433074
1,R,3.0,15,0.7664974474709733
2,L,3.0,15,0.932705743187426
2,R,3.0,15,0.8212829278541273
3,L,3.0,15,1.307400056140506
3,R,3.0,15,0.933082845052313
4,L,3.0,15,0.9369191032983045
4,R,3.0,15,0.9728096033682626
5,L,3.0,15,1.034197845941712
5,R,3.0,15,0.9029674638945803
6,L,3.0,15,1.747319592789112
6,R,3.0,15,0.9049487373751615
7,L,3.0,15,1.2055533364912199
7,R,3.0,15,0.7864994808684531
8,L,3.0,15,1.1066994440128914
8,R,3.0,15,0.8233557637711724
9,L,3.0,15,1.255808958441211
9,R,3.0,15,0.9042784552496097
10,L,3.0,15,1.3663525894535598
10,R,3.0,15,0.8906101123016676
11,L,3.0,15,1.4505223988447522
11,R,3.0,15,0.6819693771128602
12,L,3.0,15,0.9215363937201257
12,R,3.0,15,0.9918964260354397
13,L,3.0,15,0.9261087307805349
13,R,3.0,15,0.9626257836716358
14,L,3.0,15,1.367071861336003
14,R,3.0,15,0.9231193310185563
15,L,3.0,15,1.359655747711922
15,R,3.0,15,1.0492823140414538
0,L,3.0,20,1.234420241032138
0,R,3.0,20,0.7996197338088684
1,L,3.0,20,1.0587078226105053
1,R,3.0,20,0.7653295383783656
2,L,3.0,20,0.9211452566534888
2,R,3.0,20,0.780347919618527
3,L,3.0,20,1.3336379226682151
3,R,3.0,20,0.9411733971592641
4,L,3.0,20,0.9444546670667439
4,R,3.0,20,0.9765670344280456
5,L,3.0,20,1.0378466084978037
5,R,3.0,20,0.9077019977210513
6,L,3.0,20,1.7539715353551528
6,R,3.0,20,0.9093673244124654
7,L,3.0,20,1.2092229696177244
7,R,3.0,20,0.7865099735104641
8,L,3.0,20,1.110626833389388
8,R,3.0,20,0.82825289598665
9,L,3.0,20,1.2549446670665576
9,R,3.0,20,0.904083534326661
10,L,3.0,20,1.3668133370587567
10,R,3.0,20,0.8945112943764815
11,L,3.0,20,1.4623872731808518
11,R,3.0,20,0.6902187209127273
12,L,3.0,20,0.9180566186305248
12,R,3.0,20,0.9937390000385475
13,L,3.0,20,0.9290092481392789
13,R,3.0,20,0.9714927910534515
14,L,3.0,20,1.3796823894574817
14,R,3.0,20,0.9324587978514002
15,L,3.0,20,1.3512898663846273
15,R,3.0,20,1.0671442662213173
